{"val_loss": [0.5053420842095256], "loss": [0.646359258669394]}